visit_type_code,visit_type_name
00001,ביקור רגיל
00002,ביקור קצר
00003,ביקור ראשון
00004,תור למרשם
00005,תשובה של בדיקה
00006,חוזר עם צילומים
00007,בדיקות דם
00008,PAPS לקיחת משטח
00009,ביופסיה
0000M,גיל מעבר- חוזר
00010,צריבה עם חנקן
00012,אבחון שומות
00013,בדיקה מיקולוגית
00014,הוצאת תפרים
00015,ציפורן חודרנית
00016,טיפול בכוויה
00017,בדיקת שד
00019,חוזר עם א.סאונד
0001B,ה.פסיכ' ראשונה לילד/נוער
0001D,טיפול פרטני
0001G,מעקב פסיכיאטרי קצר
0001H,הערכה ראשונה-ריפוי בעיסוק
0001W,"אבחון בליעה, לעיסה ואכילה"
00020,טיפול טחורים
00021,הורדת גבס
00022,מעקב הריון
00023,התקן תוך רחמי
00024,נשים בלבד
00026,פעולה כירורגית
00028,סכרת
00029,מנהלי
0002D,אבחון פסיכודיאגנוסטי
0002G,מעקב פסיכיאטרי ארוך
0002H,הורים ומשפחה עם המטופל
0002W,אבחון דחיקת לשון
00030,פריון
00031,סקירת מערכות
00032,סחרחורות
00033,ביקורת ניתוח
00034,(IM/SC) ט.תרופתי בזריקה
00035,טסט אלרגיה
00036,חיסון
00037,אשפוז יום
00038,טסט אנדו
00039,קלונדין טסט
0003B,טיפול פסיכוסוציאלי
0003G,פסיכותרפיה
0003H,טיפול רגשי
0003S,הערכה פסיכיאטרית ראשונה
0003W,אבחון היגוי ומובנות דיבור
00040,טסט חלב
00041,עירוי
00042,ביקור חדש
00043,ביקורת
00044,ביקור בית
00045,I.V.P
00046,אקו לב
00047,סקר גנטי למטרת הריון
00048,צילום רנטגן
0004B,מעקב קצר
0004G,מעקב
0004H,הדרכת מטופל/משפחת המטופל
0004S,טיפול פסיכיאטרי בילד/נוער
0004W,אבחון חך שסוע
0005,משאבת אינסולין-מעקב
00050,העמסת סוכר-75 גרם
00052,סכרת חוזר
00054,סכרת הריון
00055,אנדוקרינולוגיה
00056,משאבת אינסולין
00057,הדרכה
00058,ביקור חוזר
00059,זקיקים
0005B,טיפול משפחתי
0005G,טיפול קבוצתי-ייעוץ
0005H,מעקב טיפול תרופתי
0005S,מעקב פסיכ' קצר לילד ונוער
0005W,אבחון קול וצרידות
00061,אבדומינלי
00063,מוניטור
00064,התפתחות הילד
00065,הריון בסיכון
00066,גיל מעבר- חדש
00067,הריון עודף
00068,ייעוץ
00069,מ. נעורים
0006B,הדרכת הורים/הדרכה משפחתית
0006G,הדרכת הורים/משפ'עם מטופל
0006H,אינטייק סיעודי
0006W,אבחון רכישת שפה -ילדים
00071,תינוק חדש
00072,7 בערות מעל גיל EEG
00073,7 בשינה עד גיל EEG
00074,7 בשינה מגיל EEG
00075,1 שינה EEG
00076,2 שינה EEG
00077,סכרת חדש
00078,המשך ביקור
00079,יעוץ צוואר הרחם
0007G,אינטייק
0007H,אומדן נפשי/גופני
0007S,ביקור בית בשעות העבודה
0007W,אבחון שפה (אפזיה)-מבוגרים
00080,ביקור שני
00081,דופלר גניקולוגי
00082,שקיפות עורפית
00084,בדיקת ראייה
00088,הליקובקטר
00089,פיקוח ראשון
0008B,אבחון תפקודי-ריפוי בעיסוק
0008G,השתתפות בוועדת סל שיקום
0008H,טיפול בזריקה
0008S,הערכה פסיכיאטרית-הורים
0008W,אבחון גמגום והפרעות בשטף
00090,פיקוח חוזר
00091,פיקוח נוסף
00092,עגורנאי
00093,כושר במפעל
00094,כושר ראשון
00095,כושר חוזר
00096,החמרת מצב
00097,קבלה לעבודה
00098,עובדי מדינה
00099,ימאי
0009B,אבחון קוגנטיבי תפקודי
0009G,הערכה ראשונה
0009H,ביקור בית לא בשעות העבודה
0009S,ה.פסיכ מפגש כפול הורה/ילד
000A0,רעש פיקוח
000A1,אבק פיקוח
000A2,החזרים
000A3,קרינה פיקוח
000A4,איזוציאנטים פיקוח
000A5,ארסן פיקוח
000A6,בנזן פיקוח
000A7,זרחנים פיקוח
000A8,כספית פיקוח
000A9,ארומטיים ממיסים פיקוח
000AA,וידאו-ביטוחים משלימים
000AB,אאורטה הבטנית US
000AC,וידאו-תשלומים וחובות
000AD,רפואה דחופה
000AE,(17.וידאו-התחייבות (ט
000AF,וידאו-זכאות לשירות
000AG,בדיקה דחופה רצפת אגן נשים
000AI,וידאו-החזרים
000AJ,וידאו-כרטיס חבר
000AK,וידאו-תיק רפואי
000AL,וידאו-נושא אחר
000AM,* אבחון משולב
000AN,טלפוני-ביטוחים משלימים
000AO,טלפוני-תשלומים וחובות
000AP,* אינטייק פסיכולוג
000AQ,(17.טלפוני-התחייבות (ט
000AR,טלפוני-זכאות לשירות
000AS,ASD טיפול בילד
000AT,ט.המשך קצר שריר שלד מרחוק
000AU,טלפוני-החזרים
000AV,טלפוני-כרטיס חבר
000AW,טלפוני-תיק רפואי
000AX,טלפוני-נושא אחר
000AY,ביטוחים משלימים
000AZ,זכאות לשירות
000B0,הלוגניים ממיסים פיקוח
000B1,מתכות פיקוח
000B2,עופרת פיקוח
000B5,יעוץ דיאטנית
000B6,יעוץ דיאטנית-חוזר
000B7,ביקור ארוך
000B8,בדיקה דחופה
000B9,אבחון משולב
000BE,בדיקת עיניים
000BK,ביקור ראשון לאישה בהריון
000BM,BESREMI-SC זריקה
000BN,בדיקת קבלה-נוירולוגית
000BR,52 מוטציות- BRCA
000BT,טיפול המשך שריר שלד מרחוק
000BU,הכנה לפני ניתוח-מקוון
000BV,BAVENCIO - (IV) ט.תרופתי
000BW,כרטיס חבר
000BX,נושא אחר
000C0,שיחת הורים
000C1,תצפית
000C2,ביקור בגן/בית-ספר
000C3,יעוץ בתחום מחלות העריה
000C4,יעוץ בתחום מחלות עריה-חדש
000C5,יעוץ בתחום מחלות עריה-חוז
000C9,(COVID-19) בדיקת קורונה
000CF,לקיחת דם בבית
000CG,
000CK,כוויות/צלקות-המשך
000CL,CLONIDINE טסט
000CM,(צ'יפ גנטי)CMA בדיקת
000CN,קוגנטיבי-המשך
000CO,אורתופדיה-המשך
000CQ,טיפול מרפאתי כפוי-מעקב
000CT,אבחון שריר שלד מרחוק
000CV,תור וידאו - חדש
000CW,מעקב רצפת אגן מרחוק
000D1,בטן עליונה+תחתונה US
000D5,דופלר דופק עוברי נש. הרות
000D6,קולפוסקופיה
000D7,בדיקת צוואר הרחם
000DD,מדידת לחץ דם
000DI,בדיקת קורונה - דרייב מכבי
000DK,בדיקה דחופה-כוויות
000DN,בדיקה דחופה-נוירולוגיה
000DO,בדיקה דחופה-אורתופדיה
000DS,מתן ערכת דם סמוי בצואה
000DT,AMANTADIN-(IV) ט.תרופתי
000DU,DUPIXENT-SC זריקה
000DY,DayTwo
000E1,צלום אורטופדי
000E4,כף רגל-אורטופד
000E5,כף רגל-פודיאטור
000EA,אבחון מרחוק נוירולוגי
000EB,קידום בריאות+ ב.עיניים
000EC,מרפאת אנדומטריוזיס- חוזר
000EE,אבחון במרפאת ברך
000EH,המשך-ENTYVIO-(IV)ט.תרופתי
000EI,אבחון מרחוק יציבה
000EK,אבחון קשב וריכוז
000EL,בדיקה-אימון לב
000EM,מרפאת אנדומטריוזיס- חדש
000EN,ENTYVIO-(IV)ט.תרופתי
000EO,ENTYVIO-SC זריקה
000EP,אבחון מרחוק י.פעילות גופנ
000ER,OGTT מבחן
000ET,KINERET-SC זריקה
000EV,EVKEEZA-(IV)ט.תרופתי
000EY,EMGALITY-SC זריקה
000F1,אבחון פרטני1 התפתחות הילד
000F2,אבחון פרטני2 התפתחות הילד
000F3,אבחון משולב1 התפתחות הילד
000F4,אבחון משולב2 התפתחות הילד
000F5,אבחון משולב3 התפתחות הילד
000F6,מעקב  פרטני1 התפתחות הילד
000F7,מעקב  פרטני2 התפתחות הילד
000F8,מעקב  משולב1 התפתחות הילד
000F9,מעקבן משולב2 התפתחות הילד
000FA,זריקה בעירוי/אקלסטה
000FB,תבחין רגישות לחלב וסויה
000FD,מבטרה-(IV)ט.תרופתי
000FE,טיסברי-(IV)ט.תרופתי
000FF,פוסיד-(IV)ט.תרופתי
000FI,הערכה ראשונית- גריאטריה
000FK,מעקב גריאטרי
000FM,TREMFYA-SC זריקה
000FO,בדיקת פורפירין
000FR,ראשון ושני FASENRA עירוי
000FS,שלישי ואילך FASENRA עירוי
000FT,ייעוץ רפואי
000G0,ח.משול.טיפוס הבטן והפטיטס
000G1,צוללי הקישון
000G2,חיסון נגד רוטה וירוס
000G3,27 ח.לוירוס הפפילומה-מגיל
000G4,הוצאת/הכנסת קטטר דרכי שתן
000G5,הדרכה להזרקה עצמית
000G6,(IV)ט.תרופתי-זריקה בעירוי
000G7,ח. טטנוס.-דפטר.מבוג/ילדים
000G8,חיסון שפעת
000G9,A+B או B/A(ח.צהבת(הפטיטיס
000GA,.בדיקת א.ק.ג
000GB,הולטר לב/א.ק.ג-24ש
000GC,בדיקת הולטר לחץ-דם
000GD,מעקב והדרכה
000GE,טיפול תרופתי לשחפת
000GF,הקזת דם
000GG,טסט/תבחיו מנטו לשחפת
000GH,תור טלפוני
000GI,טיפול בפצע/חבישה
000GJ,קבוע אורטופדי
000GK,טיפ.תרו.-זר./ערוי זומרה
000GL,טיפ.תרו.-זר./ע.ברזל ונופר
000GM,טיפ.תרו.-זר./ערוי רמיקייד
000GN,טיפ.תרו.-זר./ערוי סרזיים
000GO,טיפ.תרו.-זר./ע.אילומידין
000GP,טיפ.תרו.-זר./ערוי ארדייה
000GQ,טיפ.תרו.-זר./ע.אימונוגלוב
000GR,טיפול בצנתר מרכזי
000GS,הדרכה לשימוש במשאף
000GT,חיסון פרוונר-דלקת ריאות
000GU,חיסון גמאגלובולין
000GV,(לפגים(בע.נשימה RSV חיסון
000GW,(חיסון ד.ק.המוח(מנינגיטיס
000GX,חיסון טיפוס הבטן-טיפואיד
000GY,חיסון כלבת
000GZ,חיסון לאלרגיה
000H1,פכימטריה
000H2,(IPV)חיסון נגד פוליו
000H3,מעק.והדרכה חולים עם סטומה
000H4,מעקב והדרכה לשיקום לב
000H5,ביקור בית
000H6,הולטר לב/א.ק.ג-48ש
000H7,זריקת מטוטרקסט/מטוג'קט
000H8,אי ספיקת לב -חדש
000H9,אי ספיקת לב-חצי שנתי
000HA,אי ספיקת לב-טיפול יום
000HC,ע.ברזל ונופר חוזר
000HD,טיפ.תרו.-זר./ערוי אקטמרה
000HE,הולטר לב 72 ש'-הרכבה
000HF,הולטר לב 72 ש'-פירוק
000HH,חבר חדש למרפאת האחיות
000HI,הולטר לב 24 ש'-הרכבה
000HJ,הולטר לב 24 ש'-פירוק
000HL,הולטר לב 48 ש'-פירוק
000HM,הולטר לב 48 ש'-הרכבה
000HN,ייעוץ הנקה ראשון
000HO,OMVOH-(תת עורי)SC זריקה
000HR,אבחון מרחוק הידרותרפיה
000HS,הריון בסיכון-US
000HT,בדיקת המוגלובין לתינוקות
000HV,HVA בדיקת מדדי
000HY,הולטר לחץ דם לילדים-הרכבה
000HZ,חיסון חצבת לילדים
000I1,אבחון פזיוטרפי
000IG,AIMOVIG-SC זריקה
000II,טיפול פרטני-פרטי
000IL,ILARIS(IV)ט.תרופתי בעירוי
000IM,IMFINZI-(IV) ט.תרופתי
000IR,אינטייק מרחוק
000IS,BENLISTA ט.תרופתי/ז.עירוי
000IT,אבחון טלפוני
000IU,גיל מעבר
000IW,פיזיותרפיה רצפת אגן מרחוק
000IZ,SKYRIZI-SC זריקה
000J1,אבחון רפוי בעיסוק
000J3,ב.קבלה ליעוץ לפעיל.גופנית
000J4,בדיקת קבלה וסטיבולרית
000JA,AJOVY-SC זריקה
000JH,מילוי טפסים
000JT,תשלומים וחובות
000JU,דיקור יבש - טיפול חוזר
000K0,פריון חוזר
000K1,שקיפות עורפית - רב עוברי
000K2,"סקירה מוקדמת שב""ן-חד עובר"
000K3,סקירה מאוחרת - חד עוברי
000K4,קידום בריאות
000K5,מעקב והדרכה ללחץ דם
000K6,מעקב והדרכה לסוכרת
000K7,הפרעות אכילה
000K8,פריון חדש
000K9,
000KA,סכרת הריון- חדש
000KB,סכרת הריון- חוזר
000KC,הריון בסיכון-חדש
000KD,הריון בסיכון-חוזר
000KE,השלמת הדרכה 15 דקות-זום
000KH,בדיקת קורונה- בבית החבר
000KI,טיפול מרפאתי כפוי-אינטייק
000KK,בדיקת קבלה-כוויות/צלקות
000KL,בדיקת קבלה-אורתופדיה
000KM,מיפוי לב מיבי גיטד
000KN,בדיקת קבלה-קוגנטיבית
000KO,טיפול קוגניטיבי-התנהגותי
000KP,קריוטיפ
000KQ,שיחת הדרכה 30 דקות-טלפוני
000KR,יעוץ קרנית
000KS,(XOLAIR) זריקת קסולייר
000KT,ט.תרופתי/ז.עירוי פרינג'קט
000KV,השלמת הדרכה 15דקות-טלפוני
000KW,שיחת הדרכה 60 דקות-זום
000KY,קרישתיות יתר-חוזר
000KZ,KEVZARA-SC זריקה
000L1,הזרקה תוך עינית
000L9,ייעוץ הנקה חוזר
000LA,NGENLA -(תת עורי)SC זריקה
000LB,LIBTAYO-(IV) ט.תרופתי
000LC,בדיקת קבלה מפרק הלסת
000LD,לקיחת דגימות עד גיל שנה
000LG,GLUCAGON טסט
000LI,חיבורי ליברה
000LJ,אינטייק טלפוני
000LK,טיפול לייזר/קוניזציה
000LL,השלמת הדרכה 30 דקות- זום
000LM,מעקב לאחר ניתוח
000LR,LRH טסט
000M1,בדיקת קבלה רצפת אגן נשים
000M2,בדיקת קבלה לימפטית
000M3,אבחון מרחוק נשימתי
000M4,אבחון מרחוק מקוצר
000M5,אבחון מרחוק מפרק לסת
000M6,MABTHERA-(IV)זריקה בעירוי
000M7,אבחון מרחוק לימפאדמה
000M8,שיחת משפחה
000MA,יעוץ גלאוקומה
000MB,MABTHERA(תת עורי)SC זריקה
000MC,מבטרה-חוזר (IV)עירוי
000MD,מסירת דגימות
000ME,מעקב רצפת אגן
000MF,בדיקה דחופה רצפת אגן גבר
000MG,מגנזיום-(IV)ט.תרופתי
000MH,ט.המשך פיזיותרפיה מרחוק
000MI,אבחון פיזיותרפיה מרחוק
000MJ,בדיקה דחופה רצפת אגן ילד
000MK,מעקב קשב וריכוז
000ML,ביקורת לאחר לידה
000MM,מעקב מקוצר-התפתחות הילד
000MN,בדיקת קבלה למניעת נפילות
000MO,מדידה אורתופדית
000MP,בדיקת קבלה רצפת אגן גברים
000MQ,בדיקת קבלה רצפת אגן ילדים
000MR,מפגש רגשי
000MS,תור וידאו במרפאה
000MT,מילוי טופס הנחיות מקדימות
000MV,מרפאת אנדומטריוזיס
000MX,MIXED MEAL מבחן
000N1,לופרקורדר- הרכבה
000N2,ניהול טיפול חולה כרוני
000NA,(17.התחייבות (ט
000NE,תור וידאו במרפאה-חדש
000NG,מעקב והדרכה - טלפוני
000NH,נוירולוגי-המשך
000NN,בדיקת קבלה נוירולוגית
000NP,NPLATE-SC זריקה
000NS,בדיקת קבלה נשימתית
000NU,NUCALA (תת עורי)SC זריקה
000NY,EVENITY-SC זריקה
000OA,אורוגניקולוגיה - חדש
000OB,אורוגניקולוגיה - חוזר
000OC,OCREVUS/אוקרווס-(IV)עירוי
000OD,צילום רחם עם קצף
000OG,ייעוץ אונקו גריאטרי
000OH,"אומדן ע""י אח/ות"
000OI,מדדים
000OK,יעוץ אוקולופלסטיקה
000OM,OMVOH-(IV)ט.תרופתי ראשון
000ON,VYVGART-(IV) ט.תרופתי
000OP,OPDIVO-(IV) ט.תרופתי
000OR,ORENCIA ט.תרופתי/ז.בעירוי
000OS,SOMATULINE-SC זריקה
000OW,
000OZ,HYRIMOZ-SC זריקה
000P1,אי-ספיקת לב-יעוץ
000P2,אי ספיקת לב-חוזר
000P3,אי-ספיקה-חדש
000P4,(אי-ספיקה(חצי שנתי
000PG,יעוץ והדרכה פעילות גופנית
000PH,ט.בפצע/חבישה והוצאת תפרים
000PK,* אבחון פרטני קוגנטיבי
000PL,פעולה
000PM,PK MERZ-ט.תרופתי/ז.בעירוי
000PN,תגר פניצילין
000PP,ניקור בטני/פרצנטזיס פלורל
000PR,ביקור פרוקטולוגי
000PU,US פעולה תחת
000PW,ייעוץ לאישה הרה
000PY,פרק ירך ילדים US
000Q1,סיב אופטי
000Q9,II/I סקר ביוכימי שליש
000QT,תיק רפואי
000QV,LEQVIO-(תת עורי)SC זריקה
000QW,אחות ליווי הריון-חדש
000RA,STELARA ט.תרופתי/ז.בעירוי
000RB,אבחון מרחוק רצפת אגן נשים
000RC,אבחון מרחוק רצפת אגן-ילד
000RE,תור וידאו במרפאה-חוזר
000RG,ריצוף גנטי
000RI,AMVUTTRA-SC זריקה
000RM,(MMR/PRIORIX) חיסון לחצבת
000RN,אבחון מרחוק רצפת אגן-גבר
000RR,טיפול קבוצתי-פרטי
000RS,BESREMI-SC זריקה
000RT,
000RU,אקו לב עובר-רב עוברי
000RV,תור וידאו - חוזר
000S1,"שב""ן-רגיל"
000S2,18-26 :ח.לוירוס הפפילומה
000S4,תשובת יועץ
000SA,SAPHNELO-(IV) ט.תרופתי
000SB,בדיקת שתן
000SC,SC ט.תרופתי-זר.תת עורית
000SE,יעוץ גנטי
000SG,
000SH,חיסון שעלת לנשים הרות
000SI,BENLYSTA-SC זריקה
000SK,בדיקת סרולוגיה לקורונה
000SL,SALINE מבחן
000SO,SOLUMEDROL-(IV) ט.תרופתי
000SP,* שיחת סיכום
000SR,מעקב הריון - טלפוני
000SS,STELARA (תת עורי)SC זריקה
000ST,סטרואידים(IV)זריקה בעירוי
000SV,תור וידאו
000SW,העמסת סוכר-100 גרם
000SY,חיסון שפעת מנה 2 לילדים
000SZ,SKYRIZI-(IV) ט.תרופתי
000T0,יעוץ מיני
000T1,י.גנטי-הריון
000T2,י.גנטי-כללי
000T3,י.גנטי-ילדים
000T4,אנדוקרינולוגיה חוזר
000T5,שמיעה+ברה
000T6,י.גנטי-סרטן
000T8,FMF בדיקת
000T9,
000TA,ייעוץ מיני חוזר
000TB,ט.המשך נוירולוגי מרחוק
000TC,טסט רגישות לחיסון
000TE,אבחון
000TG,(THYROGEN)זריקת תירוג'ין
000TH,טיפול המשך לימפאדמה מרחוק
000TI,מצלמת עיניים-סקר
000TL,טיפול בלייזר
000TM,טיפול מקוצר-התפתחות הילד
000TN,הכנה לפני ניתוח
000TO,OCT בדיקת
000TP,טיפול פיזיו לא התפתחותי
000TQ,TECENTRIQ-(IV) ט.תרופתי
000TR,TRH טסט
000TS,בדיקת קבלה-טרום סוכרת
000TT,טיפול בטורטיקוליס
000TV,טסט/ט.תרופתי ראשון בונופר
000TY,הערכה רב מקצועית
000U2,5 אבחון גמגום מעל גיל
000U3,פרופיל ביופיסיקל-רב עוברי
000U4,
000U5,"סקירה מוקדמת שב""ן-רב עובר"
000U7,סקירה מאוחרת - רב עוברי
000U9,הריון שליש ראשון-רב עוברי
000UA,ALBUMIN -(IV) ט.תרופתי
000UO,דופלר עוברי - רב עוברי
000UU,אבחון פרטני-פרטי
000V0,
000V1,
000V2,4 בערות מעל גיל EEG
000V3,משולב חדש
000V4,6 בערות מעל גיל EEG
000V5,6 בשינה מעל גיל EEG
000V6,בשינה-ארוך E.E.G.
000V7,בשינה-קצר E.E.G.
000V8,4 בערות עד גיל EEG
000V9,גדילת עובר - רב עוברי US
000VC,שיחת וידאו
000VG,AMGVITA-SC זריקה
000VK,ב.וסטיבולרית דחופה קצרה
000VM,OMVOH-(IV)ט.תרופתי המשך
000VO,VOXZOGO-(תת עורי)SC זריקה
000VQ,LLEQVIO-SC זריקה
000VS,בדיקה דחופה וסטיבולרית
000W1,
000W2,
000W3,
000W4,בדיקת רופא
000W5,מעקב רופא
000W6,הדרכת הורים לתינוק חדש
000W7,ועדה-לאישור ניתוח
000W8,מעקב טלפוני-מקוון
000W9,ביקור נוירולוגי
000WE,אחות ליווי הריון-חוזר
000WS,העמסת סוכר-50 גרם
000WW,השלמת הדרכה 30 דקות-טלפון
000X0,קשב וריכוז
000XZ,VOXZOGO-SC זריקה
000Y0,ביקור וירטואלי חוזר
000Y3,הדרכת הורים
000Y9,גסטרוסקופיה
000YA,ייעוץ לפעילות גופנית-חדש
000YC,ייעוץ לפעילות גופנית-חוזר
000YE,ילדים
000YF,תור טלפוני-דיאטנית ראשון
000YH,יעוץ חדש
000YJ,תור טלפוני-דיאטנית חוזר
000YK,KEYTRUDA-(IV) ט.תרופתי
000YL,הכנה להנקה לפני לידה
000YM,SYMPONY-SC זריקה
000YN,ייעוץ/הדרכה לתרופות
000YO,יעוץ חוזר
000YP,(COPD) ייעוץ אסתמה
000YQ,2 תור טלפוני-ייעוץ קו
000YR,ייעוץ היפרליפידמיה
000YT,הכנה להנקה לפני לידה-טלפו
000YU,ט.קצר פיזיותרפיה מרחוק
000YV,ייעוץ רוקחי
000YY,מעקב פרטני-פרטי
000YZ,(ט.קבוצתי מרחוק (זום יזום
000Z0,ביקור וירטואלי
000Z1,סוג ביקור זמני
000Z2,מקוצר בגודל משבצת
000Z3,ייעוץ עם מומחה בקופה
000Z4,תור דחוף
000Z5,קרישה חדש
000Z6,קרישה חוזר
000Z8,המטולוגיה חדש
000Z9,מטכולין
000ZA,ססיה קצרה
000ZB,ססיה ארוכה
000ZC,ססיה שיקום
000ZG,תגר מזון
000ZI,מטפל עיקרי-ביקור פרונטלי
000ZJ,מטפל עיקרי-ביקור טלפוני
000ZM,טלרפואה
000ZO,הרפס זוסטר-ZOSTAVAX חיסון
000ZS,בדיקת קבלה לצליפת שוט
000ZT,תגר תרופה
000ZX,שיחת הדרכה 30 דקות-זום
000ZY,שיחת הדרכה 60 דקות-טלפוני
000ZZ,יעוץ מרחוק בוידיאו
0010,"ייעוץ קרדיו.+אקו לב,ילוד"
00100,לסת תחתונה 2 צילומים
00102,לסת תחתונה 1 צילום
0011,(תשובת אקו לב (פענוח
00120,(אזניים כל זוג (2 צילומים
0013,תשובת הולטר קצב לב
00140,צילום נוסף בגולגולת
00161,צילום עצם האף צילום אחד
00202,צלום ארובות עינים ופרמידו
00219,צילום סינוסים מבט אחד
00222,צילום סינוסים 2 מבטים
00240,אוכף טורכי 1.צילום
00250,גולגולת 2 צילומים
00251,צילום גולגולת-מבט יחיד
00252,צילום גולגולת 3 מבטים
00330,פרקי לסתות 4 צילומים
0069,ביקור בית- מעקב
0075,בקור בית מורכב-מחוץ לשעות
0077,הערכה גריאטרית-בית המטופל
0081,ביקור בית לא בשעות העבודה
0090,ביקור בית בשעות העבודה
00955,אפידורל
0100,הזרקה תוך ורידית
01010,צילום חזה 1 צלום
0102,חיסון שפעת עונתית
01020,"צילום בית חזה,  2 מבטים"
01021,צילום נוסף בבית החזה
0108,חיסון נגד לרוטה וירוס
0109,חיסון נגד פפילומה
01102,צילום חזה עם בליעת באריום
01103,'צ.חזה עם בליעת באריום 2צ
01104,צלעות 1 צילום
01110,"צילום צלעות, עד שני מבטים"
01120,"צילום עצם החזה,2 מב.לפחות"
01121,צילום עצם החזה-1 מבט
01130,צילום 2 מפרקים סטרנו קלו
01131,צילום מפרק סטרנו-קלויקולר
0124,חיסון קורונה- חברת מודרנה
0125,חיסון קורונה חברת פייזר
0126,חיסון קורונה- אסטרה זניקה
0128,הרפס זוסטר-SHINGRIX חיסון
0160,פרצנטזיס פלורלי/בטני
01798,שארית שתן בלבד US
0201,מבחן מאמץ + פענוח
02020,"ע""ש צווארי 1 צילום דנס"
0204,הולטר-פענוח
02040,"ע""ש צווארי 2 צילומים"
02050,"צילום ע""ש צווארי 4 מבטים"
0206,הרכבה+פענוח להולטר לחץ דם
02070,"צילום ע""ש גבי 2 מבטים"
0209,"ייעוץ קרדיו.+אקו לב,מבוגר"
02090,צילום סקוליוזיס 2 מבטים
02091,צילום סקוליוזיס/ קיפוזיס
02100,"ע""ש מותני 2.צילומים"
02110,"צילום ע""ש מותני 4 מבטים"
02170,צילום אגן ירכיים 1 צילום
02171,צילום אגן קטן 1 צילום
02190,אגן ירכיים 2 צילומים
02200,צילום עצם העצה והזנב 1 צל
02220,צילום עצם העצה והזנב 2 צל
02300,צילום נוסף באזור האגן
02400,"צילום ע""ש גבי צילום נוסף"
02500,"צילום נוסף בע""ש מותני"
03000,עצם הבריח
03020,כתף 1 צילום
03030,צילום כתף 2 מבטים
03031,צילום 2 כתפיים
03060,צילום זרוע-עד 2 מבטים
03070,(LAT+AP) מרפק  2 צילומים
03071,צילום 2 מרפקים
03090,צילום אמה 2 מבטים
03091,צילום 2 אמות
03100,צילום פרק כף היד
03101,צילום 2 פרקי כפות ידים
03110,צילום פרק כף יד 4 מבטים
03120,צילום כף יד
03121,צילום כפות ידיים
03136,סקירת שלד למבוגרים
03137,סקירת שלד לילדים
03140,צלום אצבע יד-2 מבטים לפחו
03300,צילום נוסף בגפה עליונה
03320,אקו לב מבוגר US
03322,אקו לב ילד US
03500,צילום פרק ירך 1 צילום
03510,צילום פרק ירך 2 מבטים
03520,פרקי ירכיים 2 צלומים
03550,צילום ירך 2 מבטים
03551,(AP+LAT) 2 ירכיים 2 צילומ
03560,"צילום ברך, עד שני מבטים"
03561,צילום 2 ברכיים שני מבטים
03562,צילום ברך 3 מבטים
03563,צילום 2 ברכיים 4 מבטים
03564,צילום ברך 4 מבטים
03566,ירכיים 4 צילומים
03567,צילום עצם הפיקה 3 צלומים
03568,עצם הפיקה 6 צילומים
03580,ארטוגרפיה
03590,"צילום שוק, עד שני מבטים"
03591,צילום 2 שוקיים
03600,צילום קרסול 2 מבטים
03601,צילום 2 קרסוליים
03620,צילום כף רגל 2 מבטים
03621,צילום כפות רגליים
03650,צילום עקב עד 2 מבטים
03651,צילום עקב 1 צלום
03652,צילום 2 עקבים
03660,צילום אצבעות רגל עד 2 מבט
03800,צילום נוסף בפרק וכף רגל
03875,"דופלקס עורקי הצוואר דו""צ"
03886,טרנסקרניאל דופלר מבוגר US
03900,כל צילום נוסף בירך ובשוק
03923,עורקי רגל במאמץ+דופלר US
03924,עורקי היד כולל דופלר US
03925,DVT דופלר ורידי רגליים ל
03930,(U.S) דופלר -ידיים
03935,דופלר מערכת פורטלית
03978,דופלר אאורטה בטנית
04000,צילום בטן ללא חומר ניגוד
04020,"+צילום בטן, תוספת 2 מבטים"
04220,צילום ושט
04240,"שיקוף/צילום ושט,קיבה,תריס"
04245,צילום-ושט קיבה תרסר.מ.דק
04250,צילומי בטן-מעבר מעי דק
04270,צילום חוקן בריום קונט.יח
04280,צילום חוקן בריום קונט.כפ
04400,פיאלוגרפיה תוך ורידית
04410,DRIP פיאלוגרפיה
04455,ציסטו-אורטרוגרפיה
04740,היסטרוסלפינגוגרפיה- צ.רחם
05001,1 הריון שליש US
05002,
05003,
05004,
05005,
05006,
05007,(U.S) בדיקה מכוונת
05008,(הריון שליש 2  (ללא סקירה
05010,(U.S) זרימת דם עוברי
05021,אקו לב עובר
05099,(U.S) טרנס ואגינל
05101,(U.S) אגן קטן-גניקולוגיה
05102,
05103,מעקב זקיקים US
05104,
05105,(זקיקים (אבדומינלי+וגינלי
05106,+זקיקים - מעקב (אבדומינלי
05200,מעיים US
05256,US א.סאונד כליות וכיס שתן
05292,סרעפת US
05820,פלבוגרפיה רגל אחת
05822,פלבוגרפיה 2 רגליים
06004,שיקוף ריאות
06080,פיסטולוגרפיה
06088,גלקטיגרפיה
06089,ממוגרפיה הגדלות
06090,ממוגרפיה שד אחד
06091,ממוגרפיה דו צדדית
06092,ממוגרפיה סקר
06095,סטריאוטקסיס
06096,FNL סימון מחט לניתוח שד
06097,FNL סימון מחט בשד דו צדדי
06098,FNA פתלוגיה של
06140,יעוץ/חוות דעת בדיקת הדמיה
06145,טומו צילום נוסף
06276,שחלות/ אדרנלים US
06506,חדרי מח לתינוק US
06534,צוואר כולל בלוטת לימפה US
06536,בלוטת מגן-תריס-תירואיד US
06537,פאראתירואיד US
06538,US אולטרסאונד פרוטיד
06539,בלוטות הרוק US
06601,בית חזה US
06602,בית שחי US
06645,US אולטרסאונד שדיים
06701,דופלר עורקי הכליות
06705,בטן עליונה כולל כליות US
06706,כבד/כיס מרה/ דרכי מרה US
06707,כבד/כיס מרה/ דרכי מרה US
06708,
06709,כבד/כיס מרה/לבלב/כליות/אא
06715,שלפוחית שתן US
06716,(כבד בלבד (ביקורת US
06717,דופן הבטן US
06770,רטרופרינאום US
06772,א.ס.כליות ויותרות הכליות
06777,כליות US
06778,כליה מושתלת כולל דופלר US
06801,כף רגל US
06802,עמוד שידרה לתינוק US
06809,בדיקה מכוונת US
06810,הריון שליש שני US
06811,הריון שליש - 2 (אבדומינלי
06815,(U.S) 2 - 3 הריון שליש
06817,הריון שליש 3 - 2 (אבדומינ
06818,1 הריון שליש US
06819,(הריון שליש 1(אבד+וגינ US
06824,(U.S) זרימת דם עוברי
06827,אקו לב עובר
06830,(U.S) טרנס ואגינל
06845,כפות ידיים US
06850,ירכיים מבוגר US
06851,פרק ירך מבוגר US
06853,+זקיקים - מעקב (אבדומינלי
06854,(זקיקים (אבדומינלי+וגינלי
06855,אגן קטן- גניקולוגיה (אבדו
06856,אגן קטן- גניקולוגיה US
06857,אולטרסאונד) זקיקים) US
06858,מעקב זקיקים US
06860,US  DDH פרקי ירכיים תינוק
06861,DDH-א.ס.כולל בדיקת רופא ל
06862,א.סאונד כתף אולטרסאונד
06863,א.סאונד ברך אולטרסאונד
06865,מפשעות US
06870,אשכים כולל דופלר US
06872,טרנס רקטל US
06873,טרנס רקטל+ ביופסיה US
06875,אולטרסאונד ברכיים
06880,US אולטראסאונד קרסול
06881,כפות רגליים US
06882,אולטרסאונד מרפקים
06883,אולטרסאונד קרסוליים
06884,US          א.סאונד מרפק
06885,א.סאונד כף יד
06886,א.ס.רקמה רכה-ללא מפרק
06887,שוק US
06888,US             א.ס.כתפיים
06889,שוקיים US
06890,תוספתן US
06891,בטן מפרצת אאורטה- סקר US
06892,רקמות רכות לא אורטופדי US
06893,רקמות רכות אורטופדי US
06897,אגן גניקולוגי-אבדומינל US
06898,בקע טבורי US
06906,פין US
06931,דופלר ורידים עמוקים יד
06932,דופלר ורידים עמוקים רגל
06935,דופלר ורידים שטחיים יד
06937,דופלר ורידים שטחיים רגל
06970,פילורוס US
0805,EMG
0868,מעקב ה.קשב ופעלתנות- ילד
09100,FNA ביופסיה שד+אולטרסאונד
09101,FNA ביופסיה שד+ ממוגרפיה
10094,ייעוץ והדרכה פעילות גופני
10095,קבוצת הורים- הדרכה
10096,ייעוץ רפואי
1015,אקו לב במאמץ ופענוח
12005,הדבקת פצע בדבק ביולוגי
12345,
15850,הוצאת תפרים
15852,טיפול בפצע
15853,טיפול בפצע לאחר ניתוח
15854,טיפול בפצע חתך
15855,טיפול בפצע לחץ
15856,טיפול בפצע נשיכה
15857,טיפול מורכב פצע/ סטומה
15858,מעקב פצע/ סטומה
15859,הערכת ת.טיפול פצע/ סטומה
15953,טיפול בפצע שפשוף
16020,טיפול בפצע מורכב
22250,תפירת פצע
22265,תפירת והטריית פצע עמוק
24153,כריתת ראש רדיוס עם שתל
28899,כף רגל-בדיקה
32558,בדיקת שמיעה חוזרת מבוגר
43235,גסטרוסקופיה
44364,אומדן על ידי אחות
44365,אומדן על ידי אחות
44367,אומדן על ידי אחות
44368,אומדן על ידי אחות
44380,אומדן על ידי אחות
44408,אומדן על ידי אחות
44409,אומדן על ידי אחות
44418,הדרכה בנושא הנקה
44419,TC בדיקת בילירובין
44441,חיסון קורונה פייזר-פעוטות
44442,חיסון קורונה מודרנה לפעוט
44443,חיסון נגד אבעבועות הקוף
44447,מעקב גריאטרי במרפאה
45378,קולונוסקופיה ארוכה
45999,(חוקן (מכל סוג שהוא
4612,בדיקת סקר - PAP משטח
4643,וולבוסקופיה
4755,אולטראסאונד-הידרוסונוגרפי
4757,2 סקירת מערכות טרימסטר US
4764,שקיפות עורפית  לתאומים
4778,אולטרסאונד רחם תלת מימד
4782,מעקב הריון-ביקור ראשון
4784,סונוהיסטרוסלפינוגרפיה
4792,אולטרסאונד לאנדומטריוזיס
5020,טונומטריה
5021,אקו לב עובר
5023,אקו לב עוברי-תאומים
5062,AMDטפול פוטודינמי-עינים ל
5090,שטיפת ד.דמעות-מבוגר-מרפאה
51010,הכנסת קטטר לדרכי השתן
5112,זריקה תוך עינית
5120,TOTI-דקרוציסטורינוסטומיה
5130,ניקוז כלזיון בחדר ניתוח
5150,נגע עפעף עד 3 ממ/ פפילומה
5160,פטריגיום - הסרה
5170,ניתוח פטוזיס
5171,2 ניתוח פטוזיס פעולה
51736,בדיקת אורודינמיקה
5180,כ. גידול- עפעף בעובי מלא
5190,תיקון אנטרופיון
5200,תיקון אקטרופיון
5220,השתלת קרנית
5230,השתלת קרנית+הס.קטרקט+עדשה
5270,הסרת קטרקט פשוטה
5280,נתוח פילטרציה לגלאוקומה
5300,נתוח פילטרציה+קטרקט+עדשה
5323,ייעוץ רשתית
5370,ויטרקטומיה פשוטה-ללא קלוף
5416,ב.נוירואופטלמולוגית ראשון
5417,מעקב נוירו-אופטלמולוגי
5420,סרגל ביומטרי
5423,"הזרקת בוטלינום-בוטוקס,עין"
5520,PRP - לייזר
5530,לייזר רשתית חד פעמי
56350,היסטרוסקופיה
57452,קולפוסקופיה
57520,קוניזציה של צוואר הרחם
58323,(הכנה להזרעה(השבחת זרע
59025,NST מוניטור עוברי
59860,זריקות פריון
59861,פתיחת תיק פריון
60699,מעקב אנדו. מבוגרים
66984,קטרקט
7011,סגמואידוסקופיה מרפאת רופא
72000,אקו לב - ילד
72014,אקו לב במאמץ פיזי ביצוע
72019,ביקורת/ייעוץ מכשיר שמיעה
72037,הרכבת עירוי תוך ורידי
72038,חבישה רגילה
72043,טיפול בהפרעות קצב דיבור
72044,טיפול בלייזר בצוואר הרחם
72050,ייעוץ גיל המעבר
72051,ייעוץ הפלות חוזרות
72053,ייעוץ פריון
72060,מבחן גירוי כלונידין
72064,מרפ.אורוגניקולוגית-ייעוץ
72079,קבוצות להורים
72095,טיפול נוירולוגי
72120,תפ.פצעים לא מורכב.עפעפיים
72164,"פרוקטוסקופיה, רקטוסקופיה"
72208,אולטרסאונד) ביומטריה) US
72209,ט.בדיבור-בעיה רב מערכתית
72210,"ייעוץ קרדיו.+אקו לב, ילד"
72211,"ייעוץ קרדיו.+אקו לב, ילוד"
72213,תפקודי ריאה + דפוזיה
72219,מיפוי לב ספקט - מאמץ
72220,מיפוי לב ספקט-דיפירידמול
72221,מאמץ-GATED מיפוי לב ספקט
72222,.דיפי-GATED מיפוי לב ספקט
72225,אומדן על ידי אחות
72239,אומדן על ידי אחות
72240,אומדן על ידי אחות
72241,אומדן על ידי אחות
72244,אומדן על ידי אחות
72249,אומדן על ידי אחות
72256,אומדן על ידי אחות
73002,סריקת מערכות מכוונת
73605,גדילת עובר US
76805,2 LEVEL\מילדותי\סקירה US
76815,LEVEL 1 בדיקת US
76818,הריון LEVEL 3 US
76827,(אקו לב עוברי(עם דופלר
78460,מיפוי טליום
80002,מסירת ערכת דם סמוי בצואה
8002,מתן ערכת דם סמוי בצואה
8008,הזרעה מלאכותית
80140,ביקור בית
82024,ACTH-טסטים אנדוקריניים
82025,טסטים אנדוקריניים
82290,(גדילה) GH טסטים דינמיים
8311,'שלב א-IVF
8312,'שלב ב-IVF
8317,שלב א ללא בד' הורמונל IVF
85651,שקיעת דם
85999,סל בדיקות לקרישתיות יתר
86580,(תבחין מנטו (הזרקה +קריאה
89326,השבחת זרע
89360,תבחין (מבחן) זיעה
90702,חיסון טטנוס דיפטריה ילדים
90707,חיסון חצבת אדמת חזרת
90713,RSV חיסון נגד
90718,חיסון דיפטריה+טטנוס-מבוגר
90720,חיסון סביל למניעת חצבת
90723,H1N1 חיסון שפעת חזירים
90724,חיסון שפעת ללא תשלום
90725,חיסון שפעת בתשלום
90729,חיסון שפעת בתרסיס
90730,A חיסון לצהבת
90732,חיסון פנאומווקס
90738,B-OPV חיסון פוליו דרך הפה
90743,D חיסון אנטי
90744,B חיסון לצהבת
90745,טייפואיד+A חי. משולב צהבת
90749,חיסון-אבעבועות רוח
90758,מבוגר-דיפ+טטנוס+שעלת DTAP
90779,FLUZONE -חיסון שפעת
90780,IV מתן עירוי נוזלים
90782,SC זריקה תת-עורית
90783,הזרקת הרצפטין תת עורי
90793,B חיסון מנינגוקוק זן
90796,חיסון קורונה- חברת מודרנה
90797,חיסון קורונה פייזר
90798,חיסון קורונה- אסטרה זניקה
90801,חיסון קורנה - חברת ג'נסן
90803,חיסון קורונה סינופארם
90804,חיסון קורונה חברת סינובאק
90805,חיסון קורונה פייזר לילדים
90806,SPUTNIK V חיסון קורונה
90807,COVAXIN -חיסון קורונה
90809,NOVAVAX  חיסון קורונה
90810,EVUSHELD חיסון קורונה
90811,חיסון אומיקרון פייזר
90812,חיסון אומיקרון ילדים
90813,חיסון קורונה
90814,למבוגר RSV חיסון
90841,פסיכותרפיה פרטני- מבוגר
90859,מפגש הערכה לטיפול קבוצתי
90912,פיזיותרפיה רצפת האגן
92002,ב.עיניים פונדוס וצבעים
92016,ראיה ממוחשבת ב.שדה ראיה
9204,מילוי טופס-חולה נוטה למות
92225,צילום קרקעית העין
92235,פלואורסצין אנגיוגרפיה
9227,מבחן מאמץ ריאתי
92506,אבחון היגוי/ קול/ גמגום
92511,אומדן על ידי אחות
92512,אומדן על ידי אחות
92513,אומדן על ידי אחות
92514,אומדן על ידי אחות
92515,אומדן על ידי אחות
92516,אומדן על ידי אחות
92519,א. סיכון פצע לחץ נורטון
92520,אומדן על ידי אחות
92521,טסט בגמגום יחיד
92522,טפול בגמגום קבוצה
92525,אומדן על ידי אחות
92556,בדיקת שמיעה
92557,בדיקת שמיעה ראשונה- מבוגר
92560,אומדן על ידי אחות
92567,טימפנומטריה
92568,רפלקס אקוסטי
92585,ברה
92590,התאמת מכשיר שמיעה
92597,בדיקת שמיעה ראשונה - ילד
92598,בדיקת שמיעה חוזרת - ילד
92601,בדיקת שמיעה למכשיר שמיעה
93000,א.ק.ג + פיענוח
93015,מבחן מאמץ ללא פיענוח
93017,מבחן מאמץ קרדיורספירטורי
9311,טיפול בדיבור-פרטני
9312,טיפול בדיבור-קבוצתי
9320,טיפול בגמגום-פרטני
93224,ניטור א.ק.ג במשך 24 שעות
93225,הרכבה/פרוק הולטר לב
93226,(הולטר א.ק.ג הרכבה(קצב לב
93228,ארגומטריה
93307,אקו לב עם פענוח
93319,דופלר דופק עוברי נש. הרות
93320,אקו-דופלר של הלב
93770,מדידת לחץ דם
93783,הרכבה/פרוק הולטר לחץ דם
93784,הולטר-לחץ דם הרכבה/פענוח
93785,הולטר לחץ דם-פרוק
94010,תפקודי ריאה מלאים
94070,"תגר סימפונות ע""י מתוכולין"
94160,ספירומטריה
94240,מדידת נפחי ריאה
94640,אינהלציה
94667,פיזיותרפיה נשימתית
94725,דיפוזיה
94760,(בדיקת רווי חמצן (סטורציה
95819,אי.אי.ג'י-מבוגר
95822,אי.אי.ג'י בשינה
96115,הערכה קוגניטיבית ותפקודית
96132,אבחון פסיכולוגי תקשורתי
97000,COLD PACK
97001,טיפול בחום
97012,מתיחות
97016,לימפה פרס
97018,אמבטיה פרפין
97020,גלים קצרים +מיקרו
97022,אמבטית מערבולת
97035,טיפולי- פיזיותרפיה US
97039,CPM-טיפול ב
97040,CRYOCUFF/COMPRESSION
97041,טנס מוטורי
97042,מתיחה מותנית
97043,מתיחה צווארית
97044,טיפול בגלים קצרים
97045,גירויים חשמליים-הפחתת כאב
97046,TAPING-חבישות ספורט ו
97047,STRAIN-COUNTERSTRAIN
97048,מניפולציה סגמנטאלית
97049,MUSCLE ENERGY
97050,תוכנית מקנזי
97051,תרגול אירובי
97052,תרגול על הליכון(הליכה/ריצ
97053,(תרגול עצמי (לא במכון
97054,תרגול פרופריוצפטיבי
97055,תרגול תפקודי
97056,תרגילי גמישות
97057,"(תרגילי ייצוב (כתף/עמ""ש"
97058,תרגילי כח גס
97059,ט.נוירולוגי מורכב-פיזיותר
97060,פיזיותרפיה אורוגניטלית-מו
97061,ניקוז לימפאטי מנואלי-מורכ
97062,ט.ביציבה לקויה לילדים-מור
97064,גירוי חשמל-הפחתת נפיחות
97065,גירוי חשמלי ליונטופורזיס
97067,PNF
97068,בית ספר לגב
97069,תרגול על אופני כושר
97070,TMJ פיזיותרפיה למפרק הלסת
97112,טיפול נוירולוגי-פיזיותרפי
97113,תרגול הליכה
97114,תרגול פונקציות במיטה
97115,תנועתיות אקט.בשכיבה
97116,תנועת.אקט.נעזרת-שכיבה
97118,תנועת.אקטיבית נעזרת-ישיבה
97119,תנועתיות פסיבית בשכיבה
97120,"תרגול תגובות שו""מ בישיבה"
97121,תנועתיות פסיבית בישיבה
97122,תנועתיות אקטיבית בישיבה
97123,שיקום יציבה
97124,DFM - עיסוי לרקמה עמוקה
97125,תרגול מעברים
97126,"תירגול תגובות שו""מ-בעמידה"
97127,(טיפול מסיים (סיום טיפול
97139,טי. לימפאטי-אדמיניסטרטיבי
97150,פיזיותרפיה קבוצתית למשתתף
97157,סיוע לרופא-פ.כירורג גניקו
97158,בצוע מוניטור עוברי תאומים
97159,טיפול קבוצתי 2 מטפלים
97250,מוביליזציות לרקמה רכה
97251,מתיחות לרקמות עצב
97536,ADL תרגול
97540,התעמלות אינדיבידואלית
97700,בדיקת קבלה לפיזיותרפיה
97701,מיון מטופלי פיזיותרפיה
97750,ADL הערכת תפקודי
97792,ייעוץ ארגונומי
97793,התייעצות- עם מטופל
97794,התייעצות- ללא מטופל
97795,טיפול פיזיותרפי לילדים
97796,הערכה חוזרת
97797,הדרכה לתרגול עצמי
97799,התפתחות הילד - פיזיותרפיה
98925,טיפול בטכניקה מנואלית
98926,מוביליזציות מפרקיות
99003,לקיחת משטח / תרבית פצע
99007,אומדן על ידי אחות
99010,אומדן על ידי אחות
99015,אומדן BMI
99024,מעקב/ביקורת
99050,ביקור בית לא בשעות העבודה
99062,התאמת אביזרים/דיור
99063,SET תרגול במערכת
99064,HOLD RELAX תרגול
99065,"ייעוץ לפ""ג-יועצים מורשים"
99071,ביקור בית ראשון
99073,טיפול קבוצתי בססיה
99078,הדרכה כללית בחדר אחות
99080,הדרכת סוכרתי אודות מחלתו
99082,הדרכה אורח חיים בריא-סכרת
99089,אומדן על ידי אחות
99095,אומדן על ידי אחות
9915,צנתור אבחוני כולל ש.רופא
99194,DOT מתן
99195,הקזת דם טיפולית
99196,שקילה
99197,מדידת גובה
99202,טפול בשני ילדים
99239,הדרכה לטיפול עצמי בפצע
99240,הדרכה למניעת פצע לחץ
9931,בדיקת זרע
99325,אומדן רמת סיכון לפצע לחץ
99326,אומדן פצע
99328,טיפול בפצע אונקולוגי
99334,אומדן על ידי אחות
99335,אומדן על ידי אחות
99336,אומדן על ידי אחות
99342,בדיקת כף רגל סוכרתית
99469,אומדן על ידי אחות
99470,אומדן על ידי אחות
99471,אומדן על ידי אחות
99472,אומדן על ידי אחות
99474,אומדן על ידי אחות
99475,אומדן על ידי אחות
99478,אומדן על ידי אחות
99483,אומדן על ידי אחות
99486,אומדן על ידי אחות
99488,אומדן על ידי אחות
99489,אומדן על ידי אחות
9950,אינטייק של מטופל חדש
99501,אבחון התפתחות הילד
99502,טיפול-ריפוי בעיסוק
99503,בדיקת מעקב רופא
99506,איבחון ליקויי למידה
99507,"(ט.קבוצתי(פיז'/רב""ע/תקשור"
99513,"טיפול רב""ע"
99514,טיפול פיזיוטרפי
99515,טפול קבוצתי
99520,אבחון שפה
99529,ייעוץ טלפוני למשפחה
9957,מעקב פגים
99618,"ע""ס-ייעוץ עם מומחה בקופה"
99632,טיפול נוירולוגי-פיזיותרפי
99633,טיפול אורטופדי מורכ-פיזיו
99636,מעקב והדרכה לטיפולי פריון
99643,הדרכה לבדיקת חלבון עוברי
99652,מעקב הריון+הדרכת אישה הרה
99654,הדרכת להנקה
99661,בדיקת שמיעה לתינוק
99666,מעקב אחות הריון
99678,הערכה מחודשת/חוזרת
99679,טיפול וסטיבולרי-פיזיותרפי
99680,טיפול בטורטיקוליס לילדים
99689,ביקור בית לפיסיותרפיה
99693,ייעוץ טלפוני
99697,טיפול בביופידבק
99698,טיפול ביציבה לקויה לילדים
99701,טופוגרפיה של קרנית העיין
99706,הדרכה לניטור סוכר עצמי
99707,הדרכת סוכרתי טיפול אינסול
99709,סיוע לרופא-כירורגיה זעירה
99711,בקור בית ילד התפתחותי ש.נ
99714,MET שיקום במערכת
99715,טיפול נוירולוגי
99725,הערכה רב מקצועית ראשו.ילד
99726,אבחון פרטני-התפתחות הילד
99727,אבחון רב מקצועי-התפ. הילד
99728,טיפול פרטני-התפתחות הילד
99729,טיפול רב מקצועי-התפ. הילד
99730,טיפול רב מקצועי בקבוצה
99731,אבחון קבוצתי-התפתחות הילד
99732,טיפול קבוצתי-התפתחות הילד
99733,מעקב פרטני-התפתחות הילד
99734,מעקב רב מקצועי-התפ. הילד
99735,סכום אבחון פרטני-הת הילד
99736,סיכום אבחון רב מקצועי-ה.ה
99737,סכום טיפול פרטני-הת הילד
99738,סכום טיפול רב מקצועי- ה.י
99741,אבחון ילד לא התפתחותי
99742,טיפול בילד לא התפתחותי
99744,טיפול בילד סומטי בוגר
99748,"הדרכת הורים-עו""ס/פסיכולוג"
99749,הידרותרפיה
99750,דיאלוג טלפוני יזום
99753,טיפ.רב מקצועי ילד הפ.אכיל
99761,הדרכה טלפונית
99762,"פ.הכנה לטפול.עו""ס/פסיכולו"
99765,(.פיזיותר)CPM השכרת מכשיר
99767,אנמנזה סיעודית לאשה הרה
99777,דופלר עורקי כליה
99780,בדיקה מקוצרת-פיזיותרפיה
99781,בדיקה דחופה-פיזיותרפיה
99795,אבחון מקוצר-התפתחות ילד
99801,אבחון רפואי+הע'פיזיותרפיה
99802,תבחין מנטו - הזרקה
99803,תבחין מנטו - קריאה
99805,(פיזיותרפיה-קבוצה ( חודשי
99818,"בדיקת שמיעה,גיל 7-9 חודש"
99833,הדרכה-הזרק.עצמ.תרופ.פריון
99839,אבחון לצורך תכנון טיפול
99840,שיחת סיכום אבחון עם הורים
99841,"שיחת הורים,אינה שיחת סכום"
99843,טיפול קבוצתי-רפוי בעיסוק
99851,טיפול פרטני
99857,שיחת אינטייק
99858,שיחת יעוץ והכוונה
99859,שיחה טיפולית
99868,בד.רופא מטפל לפני נ.קטרקט
99883,בדיקת שדה ראיה
99894,ייעוץ נוירולוגיה
99898,ייעוץ אנדוקרינולוגיה
99913,ייעוץ אורטופטיסט
99923,בדיקה במכון לב
99936,בדיקת ממוגרפיה
99978,'שיקום נשימתי קבוצתי- פיז
99999,דווח קוד שגוי
OOODY,דיאלוג טלפוני יזום
R0000,
R0020,
R3312,לסת תחתונה 2 צילומים
R5001,הריון שליש 1 -חד עוברי US
R5007,בדיקה מכוונת US
R5011,ס.מע' מוקדמת(סל)-חד עוברי
R5012,סקירת מערכות מורחבת US
R5013,סקירת מערכות בסיסית
R5014,פרופיל ביופיסיקל-חד עוברי
R5019,מעקב הריון עודף US
R5021,אקו לב עובר
R5022,דופלר עוברי - חד עוברי
R5101,אגן קטן- גניקולוגיה US
R5103,מעקב זקיקים US
R5106,+זקיקים - מעקב (אבדומינלי
R5107,גדילת עובר - חד עוברי US
R5108,שקיפות עורפית-חד עוברי US
R5109,בדיקת דופלר אגן
